,high_density,low_density,random_sample
high_density,1.0,0.6687069575257415,0.6399056836117312
low_density,0.6687069575257415,1.0,0.9714151321528711
random_sample,0.6399056836117312,0.9714151321528711,1.0
