,high_density,low_density,random_sample
high_density,0.0,-0.4279260012712194,-0.4678337057353034
low_density,0.4279260012712194,0.0,-0.03583367695089043
random_sample,0.4678337057353034,0.03583367695089043,0.0
