,high_density,low_density,random_sample
high_density,0.0,15.115749881451537,1.8277345968937964
low_density,15.115749881451537,0.0,6.431814785372761
random_sample,1.8277345968937964,6.431814785372761,0.0
