,high_density,low_density,random_sample
high_density,1.0,0.00010111615180473393,0.1763953581061746
low_density,0.00010111615180473393,1.0,0.011209398907923527
random_sample,0.1763953581061746,0.011209398907923527,1.0
