,high_density,low_density,random_sample
high_density,1.0,0.6687069562656974,0.6399056834431225
low_density,0.6687069562656974,1.0,0.9714151321112507
random_sample,0.6399056834431225,0.9714151321112507,1.0
