,high_density,low_density,random_sample
high_density,0.0,0.0006030621959512479,0.00047071138041844735
low_density,0.0016490111390880335,0.0,0.0009996513715682515
random_sample,0.0016238906930155551,0.0010770328941694745,0.0
