,high_density,low_density,random_sample
high_density,1.0,0.6650658179938731,0.8434794232430641
low_density,0.6650658179938731,1.0,0.8142393661824413
random_sample,0.8434794232430641,0.8142393661824413,1.0
