,high_density,low_density,random_sample
high_density,1.0,8.407540990710156e-20,1.645499286433916e-12
low_density,8.407540990710156e-20,1.0,0.04073902128387643
random_sample,1.645499286433916e-12,0.04073902128387643,1.0
