,high_density,low_density,random_sample
high_density,1.0,0.6650658179919386,0.8434794232425643
low_density,0.6650658179919386,1.0,0.814239366182391
random_sample,0.8434794232425643,0.814239366182391,1.0
