,high_density,low_density,random_sample
high_density,0.0,-0.43292977926729903,-0.19744488330535073
low_density,0.43292977926729903,0.0,0.23496055447551725
random_sample,0.19744488330535073,-0.23496055447551725,0.0
