,high_density,low_density,random_sample
high_density,0.0,-0.43292977926729903,-0.19744488330535076
low_density,0.43292977926729903,0.0,0.23496055447551728
random_sample,0.19744488330535076,-0.23496055447551728,0.0
