,high_density,low_density,random_sample
high_density,0.0,82.9518786885393,49.86674653297963
low_density,82.9518786885393,0.0,4.186837739376056
random_sample,49.86674653297963,4.186837739376056,0.0
