,high_density,low_density,random_sample
high_density,0.0,0.0009130947667460777,0.0012234023420461025
low_density,0.0009775836884429977,0.0,0.0011999928418839265
random_sample,0.0007009255220391683,0.0010122959657305195,0.0
