,high_density,low_density,random_sample
high_density,1.0,0.9409097214909973,0.9872936183427481
low_density,0.9409097214909973,1.0,0.9536973686749007
random_sample,0.9872936183427481,0.9536973686749007,1.0
