,high_density,low_density,random_sample
high_density,0.0,0.07412661403328867,0.015925783218873567
low_density,-0.07412661403328867,0.0,-0.05806443442228754
random_sample,-0.015925783218873567,0.05806443442228754,0.0
