,high_density,low_density,random_sample
high_density,1.0,0.5481980597614533,0.3324767408002509
low_density,0.5481980597614533,1.0,0.11650886861325754
random_sample,0.3324767408002509,0.11650886861325754,1.0
