,high_density,low_density,random_sample
high_density,0.0,0.3605551882306073,0.939226906696231
low_density,0.3605551882306073,0.0,2.4636351238339467
random_sample,0.939226906696231,2.4636351238339467,0.0
