,high_density,low_density,random_sample
high_density,1.0,0.9409097214913316,0.9872936183429347
low_density,0.9409097214913316,1.0,0.9536973686766885
random_sample,0.9872936183429347,0.9536973686766885,1.0
