{
    "high_density": {
        "high_density": 0.0,
        "low_density": -0.7143912334818892,
        "random_sample": -1.4369124620156588
    },
    "low_density": {
        "high_density": 0.7143912334818892,
        "low_density": 0.0,
        "random_sample": -1.2360875207521373
    },
    "random_sample": {
        "high_density": 1.4369124620156588,
        "low_density": 1.2360875207521373,
        "random_sample": 0.0
    }
}