{
    "high_density": {
        "high_density": 1.0,
        "low_density": 0.8892526177454949,
        "random_sample": 0.8207205238816819
    },
    "low_density": {
        "high_density": 0.8892526177454949,
        "low_density": 1.0,
        "random_sample": 0.929226059412398
    },
    "random_sample": {
        "high_density": 0.8207205238816819,
        "low_density": 0.929226059412398,
        "random_sample": 1.0
    }
}