{
    "high_density": {
        "high_density": 1.0,
        "low_density": 0.5259371472903445,
        "random_sample": 0.30497169294544874
    },
    "low_density": {
        "high_density": 0.5259371472903445,
        "low_density": 1.0,
        "random_sample": 0.1904275234277878
    },
    "random_sample": {
        "high_density": 0.30497169294544874,
        "low_density": 0.1904275234277878,
        "random_sample": 1.0
    }
}