{
    "high_density": {
        "high_density": 1.0,
        "low_density": 7.11289175903705e-65,
        "random_sample": 8.324150653500405e-26
    },
    "low_density": {
        "high_density": 7.11289175903705e-65,
        "low_density": 1.0,
        "random_sample": 7.763288487531655e-11
    },
    "random_sample": {
        "high_density": 8.324150653500405e-26,
        "low_density": 7.763288487531655e-11,
        "random_sample": 1.0
    }
}