,high_density,low_density,random_sample
high_density,1.0,0.3707130439967127,0.38354278580662515
low_density,0.3707130439967127,1.0,0.2534550464714782
random_sample,0.38354278580662515,0.2534550464714782,1.0
