,high_density,low_density,random_sample
high_density,0.0,0.8951387752475097,-0.8713874221773152
low_density,-0.8951387752475097,0.0,-1.1419979920012133
random_sample,0.8713874221773152,1.1419979920012133,0.0
