,high_density,low_density,random_sample
high_density,0.0,2151566.149272811,2440458.1455402407
low_density,2151566.149272811,0.0,6257278.581886605
random_sample,2440458.1455402407,6257278.581886605,0.0
