,high_density,low_density,random_sample
high_density,1.0,0.37071298448583034,0.38354272504034337
low_density,0.37071298448583034,1.0,0.2534549509852521
random_sample,0.38354272504034337,0.2534549509852521,1.0
