,high_density,low_density,random_sample
high_density,0.0,-0.11083328920128925,-0.2476303392494997
low_density,0.11083328920128925,0.0,-0.13540775437640115
random_sample,0.2476303392494997,0.13540775437640115,0.0
