,high_density,low_density,random_sample
high_density,0.0,-0.11083328920128922,-0.24763033924949976
low_density,0.11083328920128922,0.0,-0.13540775437640115
random_sample,0.24763033924949976,0.13540775437640115,0.0
