,high_density,low_density,random_sample
high_density,1.0,2.4835327408626454e-100,3.1399725959170756e-68
low_density,2.4835327408626454e-100,1.0,0.0001399287709868415
random_sample,3.1399725959170756e-68,0.0001399287709868415,1.0
