,high_density,low_density,random_sample
high_density,0.0,452.12770780436,304.68576968265916
low_density,452.12770780436,0.0,14.503104213610277
random_sample,304.68576968265916,14.503104213610277,0.0
