,high_density,low_density,random_sample
high_density,1.0,0.9117485548657798,0.8044204523321488
low_density,0.9117485548657798,1.0,0.8922895031269363
random_sample,0.8044204523321488,0.8922895031269363,1.0
