,high_density,low_density,random_sample
high_density,1.0,0.9117485548632677,0.8044204523282792
low_density,0.9117485548632677,1.0,0.8922895031268375
random_sample,0.8044204523282792,0.8922895031268375,1.0
