,high_density,low_density,random_sample
high_density,0.0,0.000911413504233355,0.001188850563142413
low_density,0.0024391444932836738,0.0,0.0018373919851469092
random_sample,0.001856310997774273,0.0011965823351116785,0.0
