,high_density,low_density,random_sample
high_density,1.0,0.10594406325621783,1.5023437645380425e-09
low_density,0.10594406325621783,1.0,9.531458863987642e-06
random_sample,1.5023437645380425e-09,9.531458863987642e-06,1.0
