,high_density,low_density,random_sample
high_density,0.0,0.504012430998587,0.9069222001336662
low_density,-0.504012430998587,0.0,0.405596302996743
random_sample,-0.9069222001336662,-0.405596302996743,0.0
