,high_density,low_density,random_sample
high_density,0.0,2.6137037783992993,36.531299594467896
low_density,2.6137037783992993,0.0,19.603096665297354
random_sample,36.531299594467896,19.603096665297354,0.0
