,high_density,low_density,random_sample
high_density,1.0,0.6142532624772434,0.36444916255097026
low_density,0.6142532624772434,1.0,0.6850397309960032
random_sample,0.36444916255097026,0.6850397309960032,1.0
