,high_density,low_density,random_sample
high_density,0.0,0.5040124309985868,0.9069222001336663
low_density,-0.5040124309985868,0.0,0.405596302996743
random_sample,-0.9069222001336663,-0.405596302996743,0.0
