,high_density,low_density,random_sample
high_density,1.0,0.6142532624953965,0.36444916305021
low_density,0.6142532624953965,1.0,0.6850397311023906
random_sample,0.36444916305021,0.6850397311023906,1.0
