,high_density,low_density,random_sample
high_density,0.0,0.0007588115290407012,0.0009839823731391695
low_density,0.0026620535963940988,0.0,0.0016084612287353623
random_sample,0.002097779753716069,0.0013452531624333127,0.0
