,high_density,low_density,random_sample
high_density,1.0,0.576335106914743,0.31696364502954416
low_density,0.576335106914743,1.0,0.6567666665941305
random_sample,0.31696364502954416,0.6567666665941305,1.0
