,high_density,low_density,random_sample
high_density,1.0,0.5763351068817808,0.31696364444831615
low_density,0.5763351068817808,1.0,0.6567666664908827
random_sample,0.31696364444831615,0.6567666664908827,1.0
