,high_density,low_density,random_sample
high_density,0.0,4.212148096354109,38.383631630940755
low_density,4.212148096354109,0.0,17.166503579848097
random_sample,38.383631630940755,17.166503579848097,0.0
