,high_density,low_density,random_sample
high_density,0.0,0.558746986713274,1.0007198038917735
low_density,-0.558746986713274,0.0,0.44438240991365713
random_sample,-1.0007198038917735,-0.44438240991365713,0.0
