,high_density,low_density,random_sample
high_density,1.0,0.04013548083646006,5.811781950412438e-10
low_density,0.04013548083646006,1.0,3.4242137608771615e-05
random_sample,5.811781950412438e-10,3.4242137608771615e-05,1.0
