,high_density,low_density,random_sample
high_density,0.0,0.001044717503948572,0.0008907966416359555
low_density,0.0012185983263598324,0.0,0.0010486166144808664
random_sample,0.0008415411898362385,0.000809017429133531,0.0
