,high_density,low_density,random_sample
high_density,0.0,23.898649462272857,22.871633992726128
low_density,23.898649462272857,0.0,0.011279157691404126
random_sample,22.871633992726128,0.011279157691404126,0.0
