,high_density,low_density,random_sample
high_density,1.0,0.6775337475790995,0.6225314586160126
low_density,0.6775337475790995,1.0,0.9384476154419511
random_sample,0.6225314586160126,0.9384476154419511,1.0
