,high_density,low_density,random_sample
high_density,1.0,1.015429731873421e-06,1.731889505362068e-06
low_density,1.015429731873421e-06,1.0,0.9154209901302999
random_sample,1.731889505362068e-06,0.9154209901302999,1.0
