,high_density,low_density,random_sample
high_density,0.0,0.41583174297347747,0.4922668526234331
low_density,-0.41583174297347747,0.0,0.07722128600881135
random_sample,-0.4922668526234331,-0.07722128600881135,0.0
