,high_density,low_density,random_sample
high_density,1.0,0.677533747374458,0.6225314583788211
low_density,0.677533747374458,1.0,0.9384476154419344
random_sample,0.6225314583788211,0.9384476154419344,1.0
