,high_density,low_density,random_sample
high_density,0.0,0.0020260009358516254,0.0011549004594180704
low_density,0.0017586264250467917,0.0,0.001824458056831717
random_sample,0.001730734643525609,0.0018318044920878,0.0
