,high_density,low_density,random_sample
high_density,0.0,20.828539286174347,0.13837450283754246
low_density,20.828539286174347,0.0,24.361406840489863
random_sample,0.13837450283754246,24.361406840489863,0.0
