,high_density,low_density,random_sample
high_density,1.0,5.022888720645145e-06,0.7099023536419842
low_density,5.022888720645145e-06,1.0,7.98525002500998e-07
random_sample,0.7099023536419842,7.98525002500998e-07,1.0
