,high_density,low_density,random_sample
high_density,0.0,0.2590698478519781,-0.12721053331361298
low_density,-0.2590698478519781,0.0,-0.38783094855408157
random_sample,0.12721053331361298,0.38783094855408157,0.0
