,high_density,low_density,random_sample
high_density,1.0,0.7955824839353041,0.8987743127806993
low_density,0.7955824839353041,1.0,0.6981428986603171
random_sample,0.8987743127806993,0.6981428986603171,1.0
