,high_density,low_density,random_sample
high_density,1.0,0.7955824829307264,0.8987743127774968
low_density,0.7955824829307264,1.0,0.6981428968415627
random_sample,0.8987743127774968,0.6981428968415627,1.0
