,high_density,low_density,random_sample
high_density,0.0,0.000493469201141622,0.0006455920086452933
low_density,0.0011912205935326544,0.0,0.001309494305744133
random_sample,0.00040273448973371405,0.0007216987170606002,0.0
