,high_density,low_density,random_sample
high_density,1.0,0.6370737722289197,0.7778930247472349
low_density,0.6370737722289197,1.0,0.8493136814518437
random_sample,0.7778930247472349,0.8493136814518437,1.0
