,high_density,low_density,random_sample
high_density,0.0,10.772314012897468,5.074216128501907
low_density,10.772314012897468,0.0,1.0599621619157775
random_sample,5.074216128501907,1.0599621619157775,0.0
