,high_density,low_density,random_sample
high_density,1.0,0.6370737721224979,0.7778930247188078
low_density,0.6370737721224979,1.0,0.8493136814479204
random_sample,0.7778930247188078,0.8493136814479204,1.0
