,high_density,low_density,random_sample
high_density,1.0,0.0010302962004556933,0.024284249892216284
low_density,0.0010302962004556933,1.0,0.30322381509993657
random_sample,0.024284249892216284,0.30322381509993657,1.0
