,high_density,low_density,random_sample
high_density,0.0,0.47179508562872635,0.2820663688690493
low_density,-0.47179508562872635,0.0,-0.18999453330704458
random_sample,-0.2820663688690493,0.18999453330704458,0.0
