,high_density,low_density,random_sample
high_density,0.0,0.0005726771354114243,0.0008412545716874139
low_density,0.0022262944446308536,0.0,0.001255621134337707
random_sample,0.0012897732890424902,0.0013953551655873572,0.0
