,high_density,low_density,random_sample
high_density,1.0,0.9637301570665735,0.8652103661689098
low_density,0.9637301570665735,1.0,0.9008366640884626
random_sample,0.8652103661689098,0.9008366640884626,1.0
