,high_density,low_density,random_sample
high_density,1.0,0.9637301570657182,0.8652103661688161
low_density,0.9637301570657182,1.0,0.9008366640868379
random_sample,0.8652103661688161,0.9008366640868379,1.0
