,high_density,low_density,random_sample
high_density,0.0,0.04547323739854522,0.1697456466162566
low_density,-0.04547323739854522,0.0,0.12460467892713031
random_sample,-0.1697456466162566,-0.12460467892713031,0.0
