,high_density,low_density,random_sample
high_density,0.0,1.5059227131684327,0.043598290490015616
low_density,1.5059227131684327,0.0,1.0370552970681386
random_sample,0.043598290490015616,1.0370552970681386,0.0
