,high_density,low_density,random_sample
high_density,1.0,0.21976229986954177,0.8346027813999803
low_density,0.21976229986954177,1.0,0.3085073222094716
random_sample,0.8346027813999803,0.3085073222094716,1.0
