{
    "high_density": {
        "high_density": 1.0,
        "low_density": 0.8816565361605884,
        "random_sample": 0.9437367127339615
    },
    "low_density": {
        "high_density": 0.8816565361605884,
        "low_density": 1.0,
        "random_sample": 0.9378476898761956
    },
    "random_sample": {
        "high_density": 0.9437367127339615,
        "low_density": 0.9378476898761956,
        "random_sample": 1.0
    }
}